日期,進站人數,離站人數
20180101,30128,23949
20180102,16616,15908
20180103,14127,14246
20180104,14359,14379
20180105,17405,18870
20180106,18817,18567
20180107,20454,19465
20180108,14923,14630
20180109,13290,13389
20180110,13247,13474
20180111,13975,14081
20180112,18730,19743
20180113,20406,20054
20180114,21750,20520
20180115,15045,15582
20180116,14823,14930
20180117,14463,14756
20180118,14806,15132
20180119,19734,20540
20180120,22016,21856
20180121,19613,19101
20180122,16288,16326
20180123,15617,15489
20180124,15767,15664
20180125,16672,17003
20180126,19718,20854
20180127,21137,20844
20180128,22789,22713
20180129,17464,17390
20180130,16462,16358
20180131,16812,16771
20180201,16595,16419
20180202,18950,20004
20180203,19748,19649
20180204,20369,19198
20180205,16754,16585
20180206,16795,16717
20180207,17224,17924
20180208,17347,17542
20180209,19957,20639
20180210,19881,19871
20180211,19918,19014
20180212,18280,18189
20180213,19195,18868
20180214,22475,21467
20180215,16957,13442
20180216,20909,21250
20180217,25728,26111
20180218,31034,32442
20180219,26729,28713
20180220,22355,23131
20180221,18440,18269
20180222,16599,16467
20180223,19250,20193
20180224,21747,21740
20180225,24721,22880
20180226,16621,16886
20180227,17360,18285
20180228,22548,20582
20180301,15505,15043
20180302,20305,21620
20180303,22801,22057
20180304,24557,22830
20180305,16190,15854
20180306,14979,14900
20180307,15514,15244
20180308,15126,15207
20180309,20182,21848
20180310,22715,22516
20180311,24594,23754
20180312,16529,16251
20180313,14881,14903
20180314,15107,15240
20180315,14407,15203
20180316,21018,22179
20180317,23614,23272
20180318,26766,25037
20180319,16509,16257
20180320,14835,14762
20180321,14619,14604
20180322,15152,15447
20180323,20726,22737
20180324,22189,22491
20180325,25490,22893
20180326,16612,15919
20180327,14798,14933
20180328,14168,12147
20180329,15023,15313
20180330,16995,18347
20180331,18681,19590
20180401,20978,21308
20180402,16726,17436
20180403,22476,22854
20180404,28251,25951
20180405,23740,24138
20180406,28142,29148
20180407,26248,26041
20180408,25569,24694
20180409,17106,16654
20180410,14784,14958
20180411,15176,15198
20180412,14901,15375
20180413,19844,21198
20180414,22085,21992
20180415,23616,22380
20180416,16051,15864
20180417,14337,14644
20180418,14895,14883
20180419,15123,15451
20180420,20277,21241
20180421,21443,21061
20180422,22537,21632
20180423,16280,15781
20180424,14681,14831
20180425,14409,14879
20180426,15462,15950
20180427,21774,23068
20180428,22723,23108
20180429,24896,22259
20180430,17119,16849
20180501,16175,16333
20180502,14269,14788
20180503,14636,15154
20180504,20354,21663
20180505,21481,21466
20180506,23373,22629
20180507,16354,16007
20180508,13936,13865
20180509,13805,14027
20180510,15191,15788
20180511,22089,23221
20180512,22436,21942
20180513,24259,23327
20180514,16764,16557
20180515,14441,14662
20180516,15370,15069
20180517,15006,15833
20180518,20471,21880
20180519,21958,21127
20180520,23751,22944
20180521,16045,15695
20180522,14534,14881
20180523,14379,14508
20180524,15008,15293
20180525,20246,21659
20180526,22588,23136
20180527,24255,22090
20180528,15902,15448
20180529,14115,13893
20180530,14206,14460
20180531,14451,15048
20180601,19937,21518
20180602,20871,20413
20180603,22650,21541
20180604,15537,15493
20180605,14318,14113
20180606,14368,14326
20180607,14611,15123
20180608,20073,21414
20180609,22443,22691
20180610,23550,22326
20180611,16112,15600
20180612,15362,15415
20180613,15120,15345
20180614,14209,14797
20180615,20529,21841
20180616,22956,22274
20180617,22146,20553
20180618,19511,19239
20180619,15203,15187
20180620,13461,13265
20180621,14230,14500
20180622,19122,20639
20180623,19948,19511
20180624,21179,20095
20180625,16557,16254
20180626,15131,15023
20180627,15301,15488
20180628,15880,16048
20180629,20908,21030
20180630,20976,20953
20180701,21937,21610
20180702,15626,15504
20180703,14944,15027
20180704,14679,14929
20180705,16082,16135
20180706,19936,20405
20180707,21147,21055
20180708,22785,22274
20180709,18459,18562
20180710,15667,16308
20180711,14186,13733
20180712,17058,16791
20180713,20909,21073
20180714,22200,22694
20180715,24735,23768
20180716,18206,18049
20180717,16990,17080
20180718,17041,17335
20180719,16627,16829
20180720,20307,20481
20180721,21691,21289
20180722,22813,22737
20180723,17486,17517
20180724,16351,16913
20180725,16600,16735
20180726,17773,17223
20180727,20099,21033
20180728,23423,22381
20180729,23260,22774
20180730,17844,17890
20180731,16565,16369
20180801,16211,16202
20180802,16021,15764
20180803,20758,20778
20180804,22627,23066
20180805,24488,23994
20180806,18284,17975
20180807,17585,17246
20180808,16695,16880
20180809,17374,17869
20180810,21790,21517
20180811,23152,22517
20180812,24962,24870
20180813,18181,18293
20180814,17280,17614
20180815,16460,16539
20180816,17521,17264
20180817,20799,21543
20180818,23296,23262
20180819,25376,24461
20180820,18586,17889
20180821,17146,17138
20180822,16876,16774
20180823,10322,11567
20180824,8825,7478
20180825,15996,15788
20180826,19661,19558
20180827,14422,14329
20180828,8398,8542
20180829,12465,12604
20180830,13210,13241
20180831,18095,18605
20180901,19529,18720
20180902,20131,20202
20180903,16421,16496
20180904,15000,14814
20180905,12617,12478
20180906,12055,11897
20180907,18539,19343
20180908,20775,20330
20180909,23033,22162
20180910,15281,14908
20180911,14498,14493
20180912,14853,14721
20180913,14811,15053
20180914,18770,19751
20180915,16765,16505
20180916,20329,19697
20180917,14494,14401
20180918,13989,13822
20180919,14002,13956
20180920,15253,15223
20180921,22909,24077
20180922,24889,22284
20180923,22477,21706
20180924,23544,24535
20180925,16698,17186
20180926,14423,14541
20180927,14444,14536
20180928,18591,19857
20180929,20898,19832
20180930,22406,22334
20181001,15014,14424
20181002,13576,13539
20181003,13915,13982
20181004,13725,14016
20181005,19392,21482
20181006,21833,22684
20181007,25054,23105
20181008,15540,15238
20181009,15549,16350
20181010,19736,19218
20181011,14578,15052
20181012,19399,21700
20181013,22864,23381
20181014,29827,28544
20181015,17216,16856
20181016,14942,14880
20181017,14696,14903
20181018,15498,15510
20181019,20583,22481
20181020,25876,25573
20181021,28129,27474
20181022,14989,14604
20181023,13481,13590
20181024,13779,13936
20181025,13935,14431
20181026,18692,20782
20181027,22905,22703
20181028,25342,24097
20181029,14488,14363
20181030,13210,12973
20181031,12847,12827
20181101,13909,13596
20181102,18446,19757
20181103,21862,21539
20181104,23680,22867
20181105,15477,15085
20181106,13404,13426
20181107,13192,13422
20181108,13667,14188
20181109,18451,19836
20181110,22684,22272
20181111,24709,23880
20181112,14811,14519
20181113,13299,13227
20181114,13524,13758
20181115,13754,14025
20181116,19084,20344
20181117,22808,22377
20181118,25598,23988
20181119,15576,15460
20181120,13311,13176
20181121,14243,13804
20181122,18176,20139
20181123,22681,25058
20181124,20591,19935
20181125,24903,23974
20181126,15453,14584
20181127,13070,13072
20181128,13139,13766
20181129,14129,14109
20181130,18596,20115
20181201,22964,22479
20181202,24721,23661
20181203,15003,14307
20181204,13348,13022
20181205,13447,13438
20181206,14028,14008
20181207,18633,20133
20181208,23447,22822
20181209,26005,24230
20181210,20969,20713
20181211,13984,14036
20181212,14121,13962
20181213,14146,14435
20181214,19411,21608
20181215,26308,26450
20181216,28228,26440
20181217,16615,15560
20181218,13970,14134
20181219,14470,14612
20181220,14689,14759
20181221,17006,17623
20181222,17598,18203
20181223,23748,22096
20181224,16377,16657
20181225,16863,16511
20181226,14913,15015
20181227,15874,16056
20181228,21348,22698
20181229,24819,23812
20181230,26139,25716
20181231,21807,27362
20190101,27046,21978
20190102,14933,14389
20190103,12461,13062
20190104,15482,17358
20190105,18382,18003
20190106,18570,17907
20190107,13750,13379
20190108,12685,12694
20190109,13066,13389
20190110,13104,13481
20190111,16637,17901
20190112,18934,19001
20190113,20636,19884
20190114,14473,14564
20190115,13717,13969
20190116,13551,13486
20190117,13825,14423
20190118,16897,18067
20190119,18954,19287
20190120,21432,20937
20190121,16521,16399
20190122,15913,16028
20190123,15802,16135
20190124,15834,16252
20190125,17833,19003
20190126,18843,19635
20190127,21226,20566
20190128,17422,17072
20190129,16411,16568
20190130,16719,16760
20190131,17563,17785
20190201,19541,19372
20190202,19760,18520
20190203,19078,17103
20190204,13939,11878
20190205,21389,22063
20190206,26080,26421
20190207,30464,31526
20190208,27647,29059
20190209,25042,26436
20190210,21603,21887
20190211,16494,16405
20190212,15732,15724
20190213,15745,16117
20190214,16605,16592
20190215,18726,19033
20190216,22036,21666
20190217,24210,22817
20190218,15412,14934
20190219,14344,14050
20190220,15032,14850
20190221,14919,14620
20190222,15948,16579
20190223,18624,18489
20190224,21702,20272
20190225,15055,15005
20190226,14587,14433
20190227,19426,20855
20190228,26736,25128
20190301,26231,24350
20190302,27820,22557
20190303,24684,22977
20190304,14862,14433
20190305,13176,13143
20190306,13379,13384
20190307,12827,13176
20190308,16865,18794
20190309,21001,20381
20190310,21735,20394
20190311,13795,13543
20190312,13044,13460
20190313,12694,13242
20190314,13509,13740
20190315,17965,20385
20190316,22889,22420
20190317,22757,21107
20190318,14395,14415
20190319,13145,13221
20190320,13504,13507
20190321,13394,13478
20190322,18219,19813
20190323,19659,20026
20190324,21093,19554
20190325,14439,13684
20190326,13088,13164
20190327,13247,13531
20190328,13528,14001
20190329,17601,18749
20190330,19341,19620
20190331,19853,19214
20190401,14062,14804
20190402,13025,14687
20190403,20397,20331
20190404,24600,21721
20190405,20394,20372
20190406,23383,23604
20190407,23074,20529
20190408,15036,13213
20190409,13103,11270
20190410,13231,11318
20190411,13416,11852
20190412,16781,14128
20190413,20012,16018
20190414,21576,16534
20190415,14171,10992
20190416,12712,10769
20190417,13419,12230
20190418,13868,13027
20190419,17380,17794
20190420,20030,18113
20190421,20717,17762
20190422,13363,11700
20190423,13281,12606
20190424,13549,13333
20190425,13937,13830
20190426,18289,19414
20190427,21037,20284
20190428,22110,21096
20190429,15376,14508
20190430,13922,14021
20190501,12942,13144
20190502,12574,12848
20190503,16999,19474
20190504,19628,19477
20190505,21104,19706
20190506,13124,12785
20190507,12038,11944
20190508,12407,12961
20190509,13297,13528
20190510,18780,20681
20190511,21587,20574
20190512,22098,21286
20190513,15542,15293
20190514,13235,13434
20190515,13733,13903
20190516,14148,14426
20190517,18412,20240
20190518,20171,20634
20190519,22436,20431
20190520,14345,13487
20190521,12808,12601
20190522,12835,13164
20190523,13196,13600
20190524,17857,19232
20190525,20226,20210
20190526,22048,20635
20190527,14367,13714
20190528,12603,12646
20190529,12650,12682
20190530,13207,13416
20190531,16549,18906
20190601,19762,19034
20190602,20215,18725
20190603,14816,13932
20190604,12949,13015
20190605,14168,14251
20190606,20076,21259
20190607,21521,20746
20190608,20156,20312
20190609,24422,24042
20190610,16041,15706
20190611,12728,12811
20190612,13123,13090
20190613,13626,13721
20190614,17017,18574
20190615,20345,20813
20190616,21697,20332
20190617,15454,15033
20190618,14150,14186
20190619,14112,14236
20190620,14100,14480
20190621,17981,20129
20190622,20047,19373
20190623,19166,18353
20190624,15736,15806
20190625,14634,14897
20190626,14765,15010
20190627,15344,15482
20190628,19531,19773
20190629,19192,18778
20190630,19895,19776
20190701,16465,16267
20190702,14509,14439
20190703,14357,14310
20190704,15324,15820
20190705,18945,19417
20190706,20890,21567
20190707,22706,21932
20190708,17168,16822
20190709,15262,15626
20190710,15705,15811
20190711,15696,15180
20190712,19691,20257
20190713,20943,21527
20190714,22952,22167
20190715,17478,17542
20190716,16141,16361
20190717,16119,16347
20190718,14427,14218
20190719,16981,17681
20190720,17130,16731
20190721,19484,19718
20190722,16755,16964
20190723,15753,15980
20190724,15943,16200
20190725,16600,16688
20190726,19754,20804
20190727,20879,20647
20190728,21482,21654
20190729,17472,17570
20190730,15748,15848
20190731,15858,16035
20190801,14644,14880
20190802,17584,17869
20190803,18777,18101
20190804,19822,20424
20190805,15886,15860
20190806,15549,15633
20190807,16477,16410
20190808,15000,14960
20190809,18546,18972
20190810,19613,19775
20190811,22527,21958
20190812,17610,17335
20190813,13798,13885
20190814,15991,15989
20190815,15020,15141
20190816,19291,19881
20190817,18806,18939
20190818,20163,19927
20190819,16481,16105
20190820,15761,15533
20190821,16343,15887
20190822,16740,16813
20190823,20514,20970
20190824,6540,7219
20190825,20287,20695
20190826,17529,16292
20190827,16198,16346
20190828,16166,15786
20190829,14634,14619
20190830,16784,17535
20190831,19456,19208
20190901,19385,18857
20190902,14765,14840
20190903,14968,14727
20190904,13778,13851
20190905,14990,14556
20190906,18015,18713
20190907,19231,18942
20190908,21348,20650
20190909,14739,14471
20190910,13703,13753
20190911,14144,14274
20190912,21005,21454
20190913,22270,20488
20190914,19651,19826
20190915,23982,24640
20190916,15960,15365
20190917,13595,13690
20190918,13709,13577
20190919,14231,14172
20190920,17877,19526
20190921,19654,19699
20190922,21079,20190
20190923,14843,14384
20190924,13232,13405
20190925,13745,13722
20190926,13802,13967
20190927,19333,20547
20190928,20386,19963
20190929,21397,20021
20190930,14537,14330
20191001,12577,12748
20191002,13050,13316
20191003,13452,13478
20191004,14898,15611
20191005,16083,17334
20191006,19807,18632
20191007,14618,14595
20191008,13813,13982
20191009,20150,21897
20191010,28426,28828
20191011,24764,24839
20191012,24146,23996
20191013,24150,23681
20191014,15993,15214
20191015,13539,13389
20191016,13569,13694
20191017,13953,14199
20191018,18310,20012
20191019,21687,21438
20191020,24213,22774
20191021,15266,14275
20191022,13317,13338
20191023,13303,13449
20191024,13889,14239
20191025,18855,19873
20191026,20897,20233
20191027,21924,20949
20191028,14546,14496
20191029,13209,13490
20191030,13054,13000
20191031,13130,13423
20191101,17545,18574
20191102,19249,18766
20191103,20074,19019
20191104,14227,14150
20191105,12951,13121
20191106,13264,13170
20191107,13751,13922
20191108,18805,20495
20191109,21020,20198
20191110,22894,21622
20191111,15162,15161
20191112,13653,13566
20191113,13517,13716
20191114,13967,14174
20191115,18868,20527
20191116,20802,20182
20191117,22914,22034
20191118,15444,14970
20191119,13755,13628
20191120,13544,13551
20191121,13934,14265
20191122,18718,20427
20191123,22094,22905
20191124,24696,22328
20191125,15615,14867
20191126,13414,13787
20191127,13243,13575
20191128,14089,14506
20191129,18859,20285
20191130,21087,20750
20191201,22641,21373
20191202,14874,14645
20191203,13312,13033
20191204,13017,13171
20191205,13422,13853
20191206,17907,19242
20191207,20917,20687
20191208,22484,21321
20191209,15252,14803
20191210,13450,13573
20191211,13533,13599
20191212,14258,14676
20191213,18898,20608
20191214,22936,22532
20191215,24105,22874
20191216,16190,15395
20191217,13867,13898
20191218,13878,13767
20191219,13934,14216
20191220,18274,20687
20191221,26338,26948
20191222,24483,22194
20191223,16040,15286
20191224,14364,14261
20191225,14768,14775
20191226,14757,14862
20191227,18655,19912
20191228,20451,20165
20191229,19971,18907
20191230,15478,15677
20191231,15952,21720
20200101,21694,16515
20200102,14049,13577
20200103,15661,16617
20200104,16563,16435
20200105,17473,17084
20200106,13740,13756
20200107,12793,12853
20200108,13132,13341
20200109,13780,14564
20200110,22345,23439
20200111,20206,19642
20200112,20475,20617
20200113,15895,15739
20200114,14365,14377
20200115,14301,14418
20200116,15484,15733
20200117,17390,18235
20200118,18708,18943
20200119,19580,19120
20200120,16678,16397
20200121,17661,17425
20200122,19155,19058
20200123,18921,17179
20200124,14644,12226
20200125,20010,20951
20200126,20929,21352
20200127,21820,23538
20200128,17891,19748
20200129,16799,18289
20200130,15506,15549
20200131,15073,15481
20200201,14179,13835
20200202,14466,14337
20200203,13931,13629
20200204,12924,13008
20200205,13453,13479
20200206,13588,13271
20200207,15718,16036
20200208,15534,14660
20200209,16124,16055
20200210,13346,13519
20200211,12381,12316
20200212,12480,12326
20200213,12185,12255
20200214,14067,14701
20200215,13668,14009
20200216,15823,14662
20200217,12027,11974
20200218,11613,11561
20200219,11806,11619
20200220,11823,11843
20200221,14083,14289
20200222,13730,13036
20200223,13944,13722
20200224,11992,12110
20200225,11332,11710
20200226,11409,11782
20200227,15252,15091
20200228,15181,14499
20200229,13000,12751
20200301,15082,15255
20200302,11284,10867
20200303,10102,9942
20200304,10139,9879
20200305,10169,10326
20200306,13873,14720
20200307,12773,12790
20200308,14455,13670
20200309,11465,11058
20200310,10009,10128
20200311,10381,10498
20200312,10970,10658
20200313,14121,15533
20200314,12611,12145
20200315,15021,14370
20200316,11449,10924
20200317,10105,10212
20200318,10013,10086
20200319,9938,9841
20200320,12840,14109
20200321,11332,10670
20200322,11818,11775
20200323,10098,9972
20200324,9142,9140
20200325,8996,9113
20200326,9262,9415
20200327,12226,13230
20200328,10032,9882
20200329,10365,10463
20200330,9907,9961
20200331,9510,9780
20200401,13457,14179
20200402,12113,11111
20200403,10227,9817
20200404,8441,8884
20200405,11663,12574
20200406,10693,10113
20200407,8911,8293
20200408,8466,8356
20200409,8399,8536
20200410,9498,9334
20200411,9024,8653
20200412,9788,9500
20200413,9238,9014
20200414,8535,8392
20200415,8662,8705
20200416,8902,8993
20200417,11796,12738
20200418,10023,9707
20200419,10987,10570
20200420,9418,9037
20200421,7824,7819
20200422,7993,7822
20200423,7978,8268
20200424,10378,11091
20200425,7667,7151
20200426,8144,8086
20200427,8654,8515
20200428,8125,8056
20200429,8384,8408
20200430,9591,10037
20200501,11161,11421
20200502,8606,8512
20200503,10207,10219
20200504,9728,9386
20200505,8738,8748
20200506,8959,8975
20200507,9324,9534
20200508,13359,14433
20200509,11371,10497
20200510,12518,12151
20200511,10649,10348
20200512,9367,9369
20200513,9432,9439
20200514,9582,9768
20200515,12871,13810
20200516,10949,10964
20200517,12328,11568
20200518,10322,9811
20200519,9036,9030
20200520,9020,9047
20200521,8857,9181
20200522,11111,11859
20200523,10262,10240
20200524,14828,13831
20200525,10726,10492
20200526,9433,9309
20200527,8887,8878
20200528,9544,9835
20200529,13324,14252
20200530,13439,13198
20200531,14487,14072
20200601,10889,10718
20200602,9936,9936
20200603,9882,10050
20200604,10179,10905
20200605,13360,17789
20200606,15905,15720
20200607,18037,14345
20200608,12224,11191
20200609,10583,10486
20200610,10612,10924
20200611,11317,11407
20200612,14457,15622
20200613,15999,16205
20200614,17190,16031
20200615,12413,12107
20200616,11326,11187
20200617,10991,10987
20200618,11411,11355
20200619,12981,13603
20200620,13376,13700
20200621,15284,14854
20200622,12166,12182
20200623,11722,11710
20200624,16204,16936
20200625,17725,16806
20200626,17247,17510
20200627,16932,17152
20200628,17298,17747
20200629,13680,13171
20200630,11867,11981
20200701,11350,11517
20200702,11353,11555
20200703,14452,14927
20200704,13816,13664
20200705,14102,14072
20200706,12973,12889
20200707,12829,12755
20200708,12777,12766
20200709,13146,12920
20200710,15675,16069
20200711,15751,15917
20200712,17197,16767
20200713,13588,13315
20200714,13538,13394
20200715,13425,13400
20200716,13949,14000
20200717,16727,17496
20200718,17335,17190
20200719,18819,18218
20200720,15320,14933
20200721,14148,14209
20200722,14491,14574
20200723,15188,14374
20200724,16815,17513
20200725,17478,17261
20200726,17737,17528
20200727,14521,14365
20200728,13537,13567
20200729,13747,13624
20200730,13799,13828
20200731,15956,16352
20200801,16431,15953
20200802,15708,15697
20200803,12725,12836
20200804,11648,11972
20200805,13477,13247
20200806,13920,13953
20200807,17394,17956
20200808,16355,15803
20200809,17805,17995
20200810,14682,14253
20200811,12827,12620
20200812,14127,14406
20200813,14458,14703
20200814,17622,19387
20200815,19250,19033
20200816,21146,19869
20200817,16300,15555
20200818,14965,14574
20200819,14053,13841
20200820,14701,14656
20200821,17662,18006
20200822,17856,18010
20200823,18802,17986
20200824,15115,14837
20200825,14390,14445
20200826,12332,12392
20200827,12469,12365
20200828,15696,16132
20200829,15402,15880
20200830,15893,14565
20200831,12689,12465
20200901,12082,11904
20200902,11689,11585
20200903,13114,12990
20200904,15719,16199
20200905,15533,16117
20200906,17322,16995
20200907,13295,12750
20200908,12078,12033
20200909,12362,12250
20200910,12743,12761
20200911,15956,16554
20200912,16712,16330
20200913,18422,17278
20200914,12248,12090
20200915,11448,11304
20200916,11188,11324
20200917,11932,12020
20200918,16082,17322
20200919,17768,17792
20200920,18659,18168
20200921,12508,12157
20200922,11566,11588
20200923,11795,11722
20200924,11977,12256
20200925,13485,14095
20200926,13996,14656
20200927,16131,15560
20200928,12241,11949
20200929,12016,12026
20200930,18285,19342
20201001,18981,17381
20201002,17147,17548
20201003,17571,18318
20201004,19428,19955
20201005,13233,13172
20201006,11571,11422
20201007,11414,11670
20201008,15946,17549
20201009,19057,18639
20201010,17505,17088
20201011,19754,19048
20201012,12609,12568
20201013,11504,11972
20201014,11781,11669
20201015,12178,12397
20201016,15740,17382
20201017,17779,17546
20201018,20032,18779
20201019,12811,12564
20201020,11643,11878
20201021,12061,12165
20201022,12077,12476
20201023,16604,17479
20201024,17237,17082
20201025,18840,18160
20201026,12475,12617
20201027,11840,11890
20201028,11648,11641
20201029,12015,12131
20201030,15470,17808
20201031,17356,16936
20201101,17203,16443
20201102,12015,11673
20201103,11093,10667
20201104,11267,11119
20201105,11696,12081
20201106,15831,16445
20201107,16054,16064
20201108,17834,17589
20201109,12271,12185
20201110,11130,11397
20201111,11820,11770
20201112,12252,12491
20201113,16634,17833
20201114,17811,18301
20201115,20553,18825
20201116,12777,12579
20201117,11727,11679
20201118,11648,11980
20201119,12056,12374
20201120,16631,18202
20201121,17620,17521
20201122,19185,18199
20201123,12954,12575
20201124,11495,11578
20201125,11663,11807
20201126,12456,12506
20201127,16557,18475
20201128,18582,18432
20201129,19203,18276
20201130,13063,12606
20201201,11364,11185
20201202,11286,11445
20201203,11583,11881
20201204,15772,16906
20201205,18954,18815
20201206,21306,19673
20201207,13012,12713
20201208,11345,11258
20201209,11647,11639
20201210,11910,12186
20201211,16639,18560
20201212,19071,18774
20201213,21012,19471
20201214,13528,13261
20201215,11519,11556
20201216,12070,11965
20201217,12491,12587
20201218,16810,18093
20201219,19448,19364
20201220,20278,19501
20201221,13165,12901
20201222,11660,11756
20201223,12357,12374
20201224,12172,12764
20201225,16420,17821
20201226,17934,17941
20201227,18646,17320
20201228,12842,12596
20201229,11632,11861
20201230,12868,12838
20201231,17568,20872
20210101,18355,16749
20210102,15996,15706
20210103,17456,17198
20210104,12212,11644
20210105,10527,10643
20210106,10838,10942
20210107,10548,10728
20210108,13777,14798
20210109,13750,13147
20210110,15035,14377
20210111,11671,11580
20210112,11074,10801
20210113,10642,10651
20210114,11080,11314
20210115,14533,15807
20210116,14296,14188
20210117,15481,15625
20210118,12325,12430
20210119,11741,11808
20210120,12672,12940
20210121,12824,13249
20210122,14840,15115
20210123,15499,14511
20210124,15860,16120
20210125,13362,13567
20210126,12797,12790
20210127,12624,12729
20210128,12734,12772
20210129,14792,15135
20210130,14251,13941
20210131,14220,14223
20210201,12840,12555
20210202,12498,12645
20210203,12550,12738
20210204,12815,12920
20210205,14712,15741
20210206,14446,14456
20210207,14620,13955
20210208,14336,14360
20210209,16124,16250
20210210,15280,14132
20210211,12009,9893
20210212,15778,16153
20210213,18752,19500
20210214,21992,23052
20210215,19228,20941
20210216,16858,18220
20210217,15312,15221
20210218,14283,14374
20210219,14594,15004
20210220,14855,15141
20210221,17228,15868
20210222,11791,11746
20210223,11594,11795
20210224,11392,11502
20210225,11758,12258
20210226,16278,17430
20210227,17986,17856
20210228,18762,18423
20210301,17275,16988
20210302,11367,11492
20210303,10656,10808
20210304,10503,10822
20210305,14216,15885
20210306,15780,15810
20210307,17587,16032
20210308,12013,11726
20210309,11591,11308
20210310,11231,11355
20210311,11485,12066
20210312,15498,16784
20210313,16405,16829
20210314,18479,17589
20210315,12333,12269
20210316,11426,11252
20210317,11319,11315
20210318,11497,12091
20210319,15186,16460
20210320,17417,17096
20210321,18520,17757
20210322,12331,12120
20210323,11071,11377
20210324,10955,11047
20210325,11769,11800
20210326,15097,16667
20210327,16626,16745
20210328,17968,16940
20210329,13207,12324
20210330,11184,11644
20210331,11736,12899
20210401,16696,17658
20210402,20313,18834
20210403,18249,17143
20210404,16230,17239
20210405,17209,18274
20210406,14082,13364
20210407,11919,11773
20210408,11260,11227
20210409,14634,15177
20210410,15569,15963
20210411,18085,16470
20210412,12192,12163
20210413,11447,11199
20210414,10985,11257
20210415,11296,11879
20210416,15167,16246
20210417,16573,16316
20210418,17139,16489
20210419,12166,12184
20210420,11243,10899
20210421,10891,11056
20210422,11208,11898
20210423,15479,16318
20210424,16367,16550
20210425,16913,16163
20210426,11731,11487
20210427,11016,10883
20210428,11002,11188
20210429,11958,12361
20210430,16783,17766
20210501,15268,15446
20210502,16592,15720
20210503,12184,11841
20210504,10601,10085
20210505,10822,11437
20210506,11528,11789
20210507,16623,17601
20210508,15043,14800
20210509,16039,15037
20210510,12389,12208
20210511,10628,10749
20210512,10315,10329
20210513,9620,10216
20210514,12478,13411
20210515,8347,8705
20210516,8677,8153
20210517,7217,6848
20210518,5778,5531
20210519,4439,4485
20210520,4083,4136
20210521,4772,5196
20210522,2398,2948
20210523,3111,2680
20210524,3764,3716
20210525,3180,3279
20210526,3077,3065
20210527,3093,3058
20210528,3870,4227
20210529,1865,2166
20210530,2501,2329
20210531,3331,3228
20210601,2992,2941
20210602,2816,2801
20210603,2929,2973
20210604,3504,3526
20210605,1611,1675
20210606,1825,1820
20210607,3141,2991
20210608,2755,2789
20210609,2779,2719
20210610,2768,2849
20210611,3446,4013
20210612,1830,1676
20210613,1302,1251
20210614,2965,2804
20210615,3244,3101
20210616,2816,2681
20210617,2673,2705
20210618,3141,3241
20210619,1752,1458
20210620,1658,1689
20210621,3076,3049
20210622,2801,2783
20210623,2740,2742
20210624,2755,2749
20210625,3171,3349
20210626,1785,1814
20210627,1886,1779
20210628,3022,2950
20210629,2895,2852
20210630,2818,2832
20210701,2850,2874
20210702,3282,3472
20210703,2015,1796
20210704,2082,1992
20210705,3288,3423
20210706,2997,2930
20210707,3025,3021
20210708,3038,3078
20210709,3839,3883
20210710,2450,2366
20210711,2585,2649
20210712,3629,3546
20210713,3547,3646
20210714,3521,3538
20210715,4049,3633
20210716,4704,4509
20210717,2877,2942
20210718,3305,3201
20210719,4222,4088
20210720,3802,3730
20210721,3725,3733
20210722,3586,3680
20210723,4154,4401
20210724,2750,2825
20210725,3221,2979
20210726,4303,4275
20210727,4588,4676
20210728,4530,4568
20210729,4679,4764
20210730,5636,5719
20210731,3903,3832
20210801,4164,3968
20210802,5175,5107
20210803,4807,4946
20210804,5019,5002
20210805,4911,5109
20210806,6399,6536
20210807,3756,3711
20210808,5085,5167
20210809,5848,5876
20210810,5881,6054
20210811,5866,5794
20210812,6136,6297
20210813,7624,7896
20210814,6529,6653
20210815,7695,7618
20210816,7106,7099
20210817,6555,6606
20210818,6416,6484
20210819,6303,6662
20210820,8176,8465
20210821,6941,6913
20210822,8064,8166
20210823,7209,7330
20210824,7200,7164
20210825,7417,7252
20210826,7472,7506
20210827,9033,9389
20210828,7706,7690
20210829,8572,8372
20210830,7720,7734
20210831,7444,7453
20210901,7590,7645
20210902,7693,7857
20210903,9700,9625
20210904,8184,7706
20210905,8498,8584
20210906,8070,8255
20210907,8033,8127
20210908,8144,8385
20210909,8249,8469
20210910,8975,9230
20210911,7102,7497
20210912,6893,6347
20210913,7683,7805
20210914,7761,7816
20210915,8028,7715
20210916,8108,8431
20210917,12040,12468
20210918,12281,11099
20210919,12054,11477
20210920,11192,11544
20210921,11242,12286
20210922,9210,9418
20210923,7930,8195
20210924,9855,10403
20210925,9313,9147
20210926,10299,10055
20210927,8562,8625
20210928,7719,8047
20210929,7926,8172
20210930,7860,7909
20211001,10397,10698
20211002,9569,8967
20211003,10729,10555
20211004,8639,8625
20211005,8018,8182
20211006,8082,8243
20211007,8696,9067
20211008,13316,14586
20211009,13425,13880
20211010,15715,18014
20211011,15894,13825
20211012,9227,8848
20211013,8675,8560
20211014,8785,9299
20211015,11911,12943
20211016,12575,12720
20211017,14695,13422
20211018,9443,9379
20211019,8821,8846
20211020,8728,8776
20211021,9088,9752
20211022,12609,13537
20211023,12343,12755
20211024,14316,13590
20211025,9673,9627
20211026,8867,9061
20211027,9119,9110
20211028,9200,9818
20211029,12955,14054
20211030,12977,12727
20211031,14004,13426
20211101,9463,9735
20211102,8771,8724
20211103,8905,8946
20211104,9080,9456
20211105,12859,14216
20211106,14130,14157
20211107,16056,15022
20211108,10161,10229
20211109,9523,9575
20211110,9376,9592
20211111,10035,10387
20211112,14043,15086
20211113,14423,14350
20211114,16251,15379
20211115,10397,10392
20211116,9592,9801
20211117,9660,10162
20211118,10062,10415
20211119,14118,15006
20211120,14372,14483
20211121,16747,15792
20211122,10787,10541
20211123,9379,9657
20211124,9544,9746
20211125,9816,10434
20211126,13509,15289
20211127,15568,15417
20211128,16339,15189
20211129,10526,10524
20211130,9081,9438
20211201,9222,9197
20211202,9404,10277
20211203,13629,14762
20211204,15236,15142
20211205,16834,16137
20211206,10833,10562
20211207,9471,9670
20211208,9654,9993
20211209,9973,10495
20211210,14024,15141
20211211,16207,15919
20211212,17103,16034
20211213,11347,11389
20211214,10000,10215
20211215,10020,10164
20211216,10181,10800
20211217,15004,16768
20211218,16636,16442
20211219,18284,17396
20211220,11133,10744
20211221,9248,9343
20211222,9643,9891
20211223,10374,10715
20211224,13731,15257
20211225,15888,16766
20211226,16813,16224
20211227,11662,11074
20211228,9987,10169
20211229,10565,10870
20211230,14739,16587
20211231,16612,19651
20220101,17468,15816
20220102,16778,15997
20220103,10799,10157
20220104,8953,8673
20220105,9004,9176
20220106,9244,9683
20220107,12199,13173
20220108,12655,12361
20220109,13021,12674
20220110,9717,9707
20220111,9002,9170
20220112,9125,9158
20220113,9327,9461
20220114,12231,13212
20220115,12209,12847
20220116,13498,12522
20220117,10159,10039
20220118,9262,9438
20220119,9752,10099
20220120,10272,10631
20220121,10978,11325
20220122,9897,9992
20220123,9695,9275
20220124,8895,8723
20220125,8255,8544
20220126,8041,8314
20220127,8425,8688
20220128,10206,10823
20220129,8834,8902
20220130,8971,8112
20220131,7913,6731
20220201,9472,9000
20220202,10922,11072
20220203,11228,12514
20220204,10975,12259
20220205,10193,11157
20220206,10669,11050
20220207,9912,9443
20220208,8704,8733
20220209,8705,9068
20220210,8803,8793
20220211,10425,10737
20220212,9889,9910
20220213,10701,10290
20220214,9166,9055
20220215,8352,8483
20220216,9155,8676
20220217,8801,9329
20220218,11355,12920
20220219,12166,12764
20220220,12221,10791
20220221,8906,8709
20220222,8687,8624
20220223,8191,8781
20220224,9305,10225
20220225,14344,15947
20220226,16621,16594
20220227,17147,16755
20220228,15931,14427
20220301,9986,9537
20220302,8490,8646
20220303,7663,7956
20220304,12316,12620
20220305,12723,12132
20220306,13456,13507
20220307,9488,9973
20220308,9364,9006
20220309,9199,9337
20220310,9457,9974
20220311,13024,14074
20220312,13403,13580
20220313,15120,14437
20220314,10439,10296
20220315,9196,9327
20220316,9285,9487
20220317,9603,10008
20220318,13701,14556
20220319,13836,13854
20220320,15066,14910
20220321,10275,9934
20220322,9303,9228
20220323,8874,9006
20220324,9494,9886
20220325,13328,14552
20220326,13565,14275
20220327,14446,13630
20220328,11011,10337
20220329,9300,9076
20220330,9222,9617
20220331,10365,11484
20220401,15183,15421
20220402,15908,14663
20220403,13069,12219
20220404,13470,13582
20220405,13159,14650
20220406,11129,11041
20220407,9262,9297
20220408,11550,11389
20220409,10127,10200
20220410,11658,10786
20220411,9397,9381
20220412,8917,8654
20220413,8083,8548
20220414,8837,8857
20220415,11303,11612
20220416,9603,9867
20220417,10802,10441
20220418,8754,8629
20220419,7830,7950
20220420,8010,8143
20220421,8006,8577
20220422,10908,11490
20220423,8810,8084
20220424,9798,10013
20220425,7743,7772
20220426,7269,7589
20220427,7265,7556
20220428,7655,7840
20220429,10250,10830
20220430,8691,8511
20220501,1503,1655
20220502,8508,8494
20220503,7076,6967
20220504,6844,6909
20220505,7124,7511
20220506,10081,10753
20220507,7457,7129
20220508,9022,8745
20220509,7631,7466
20220510,6757,6755
20220511,6445,6723
20220512,6800,6975
20220513,8597,9616
20220514,6378,6921
20220515,8419,7216
20220516,7028,6960
20220517,6509,6550
20220518,6655,6691
20220519,6886,6952
20220520,9124,9705
20220521,6477,6281
20220522,7348,6864
20220523,6272,6048
20220524,5588,5560
20220525,5464,5703
20220526,5434,5941
20220527,7068,7594
20220528,6310,6360
20220529,6533,6243
20220530,6084,6119
20220531,5630,5478
20220601,6137,5984
20220602,8258,9017
20220603,7206,6925
20220604,5633,5871
20220605,8064,8374
20220606,6906,6592
20220607,5925,5581
20220608,5691,5707
20220609,5856,6035
20220610,7671,8314
20220611,7200,7519
20220612,7873,7229
20220613,6499,6634
20220614,6276,6454
20220615,6464,6461
20220616,6483,6625
20220617,8267,8963
20220618,7985,8118
20220619,8944,8366
20220620,7036,7248
20220621,6570,6697
20220622,6769,6952
20220623,6842,7249
20220624,8773,9761
20220625,8943,8724
20220626,8766,8785
20220627,8050,8101
20220628,7824,7781
20220629,7798,7701
20220630,8127,8407
20220701,9595,10030
20220702,8366,8622
20220703,9693,9232
20220704,8491,8523
20220705,8033,8028
20220706,8474,8601
20220707,8696,8560
20220708,10517,11245
20220709,10007,10202
20220710,11607,11613
20220711,9385,9263
20220712,8600,8919
20220713,8998,9192
20220714,9439,9570
20220715,11477,11840
20220716,11157,11606
20220717,12858,12230
20220718,9807,10058
20220719,9674,9279
20220720,9669,10035
20220721,9737,10054
20220722,12214,12526
20220723,12162,12901
20220724,14112,13036
20220725,10215,10319
20220726,9483,9957
20220727,9574,9757
20220728,9945,10014
20220729,11785,12228
20220730,11231,11230
20220731,12278,11840
20220801,9667,9701
20220802,8898,9134
20220803,9440,9214
20220804,10155,10362
20220805,12764,13413
20220806,12641,12361
20220807,13055,13016
20220808,10104,10540
20220809,10239,10184
20220810,10356,10418
20220811,10275,10649
20220812,13566,13935
20220813,14976,15300
20220814,17239,16228
20220815,11635,11407
20220816,10818,11073
20220817,10608,10827
20220818,10923,10884
20220819,13410,14098
20220820,15324,15421
20220821,15761,15199
20220822,11788,11819
20220823,11237,10809
20220824,10278,10501
20220825,10594,10772
20220826,12936,13614
20220827,13697,13934
20220828,13942,13084
20220829,10924,10438
20220830,9878,9960
20220831,10094,9846
20220901,10069,10122
20220902,11616,12070
20220903,10139,10156
20220904,11739,11397
20220905,10229,10258
20220906,10022,10097
20220907,10356,10650
20220908,14243,14960
20220909,15567,14028
20220910,12507,12653
20220911,16122,17085
20220912,10841,10834
20220913,9290,9236
20220914,9275,9279
20220915,9310,9603
20220916,12503,13957
20220917,13614,14129
20220918,14831,13965
20220919,10354,9898
20220920,8951,9212
20220921,8825,8826
20220922,9447,9692
20220923,13290,14038
20220924,13315,13477
20220925,14544,14252
20220926,9674,9660
20220927,8615,8952
20220928,8805,8848
20220929,9090,9384
20220930,12186,13233
20221001,12470,12513
20221002,12972,12408
20221003,9542,9572
20221004,8524,8940
20221005,8855,9255
20221006,9886,10089
20221007,15103,17064
20221008,17434,16665
20221009,16086,15649
20221010,16153,16143
20221011,10446,10136
20221012,9167,9188
20221013,9197,9547
20221014,12664,14172
20221015,14598,15180
20221016,16427,15140
20221017,10109,9953
20221018,9184,9484
20221019,9337,9379
20221020,9727,10049
20221021,13185,14244
20221022,13687,13895
20221023,15030,13698
20221024,10253,9564
20221025,9133,8989
20221026,9086,9390
20221027,9463,9881
20221028,12770,14550
20221029,13015,13127
20221030,14119,13276
20221031,9170,8885
20221101,8247,8732
20221102,8523,8671
20221103,9195,9497
20221104,12917,13878
20221105,13701,13566
20221106,14381,13714
20221107,9848,9840
20221108,8940,9036
20221109,9307,9667
20221110,9831,10388
20221111,14356,15623
20221112,15909,16224
20221113,16849,15591
20221114,10836,10558
20221115,9094,9279
20221116,9765,9821
20221117,9869,10046
20221118,13232,15333
20221119,16635,17242
20221120,17907,16014
20221121,10623,10060
20221122,9292,9322
20221123,9305,9192
20221124,9701,10289
20221125,14630,15498
20221126,13068,13377
20221127,15686,14589
20221128,10635,10328
20221129,9278,9397
20221130,9445,9262
20221201,9449,9614
20221202,13163,14246
20221203,14420,14331
20221204,16104,15314
20221205,10592,10694
20221206,9179,9253
20221207,9743,9697
20221208,9706,10269
20221209,14276,15445
20221210,15891,15924
20221211,17927,16707
20221212,11194,11056
20221213,9816,9776
20221214,10010,10012
20221215,10253,10306
20221216,14265,15742
20221217,15354,15864
20221218,16690,15606
20221219,11119,10517
20221220,9553,9671
20221221,9704,9774
20221222,9813,9914
20221223,13367,14827
20221224,15521,16112
20221225,17203,15782
20221226,11018,10662
20221227,9595,9892
20221228,10156,10166
20221229,10383,10845
20221230,14536,16630
20221231,14875,18397
